user_id,genre,play_count
user_1,Pop,11
user_10,Rock,5
user_100,Pop,11
user_11,Classical,8
user_12,Rock,10
user_13,Hip-Hop,14
user_14,Jazz,5
user_15,Classical,12
user_16,Jazz,10
user_17,Pop,4
user_18,Pop,5
user_19,Pop,5
user_2,Classical,5
user_20,Hip-Hop,7
user_21,Rock,10
user_22,Hip-Hop,6
user_23,Pop,8
user_24,Jazz,4
user_25,Pop,5
user_26,Pop,9
user_27,Pop,4
user_28,Jazz,9
user_29,Hip-Hop,8
user_3,Hip-Hop,5
user_30,Rock,6
user_31,Rock,12
user_32,Classical,6
user_33,Hip-Hop,9
user_34,Classical,6
user_35,Classical,8
user_36,Jazz,10
user_37,Jazz,10
user_38,Classical,9
user_39,Hip-Hop,7
user_4,Hip-Hop,11
user_40,Rock,5
user_41,Classical,3
user_42,Hip-Hop,7
user_43,Classical,7
user_44,Rock,4
user_45,Pop,5
user_46,Hip-Hop,5
user_47,Pop,12
user_48,Jazz,6
user_49,Jazz,7
user_5,Pop,7
user_50,Pop,9
user_51,Jazz,2
user_52,Rock,4
user_53,Rock,4
user_54,Pop,5
user_55,Rock,11
user_56,Jazz,9
user_57,Hip-Hop,4
user_58,Classical,8
user_59,Jazz,7
user_6,Rock,9
user_60,Pop,6
user_61,Hip-Hop,6
user_62,Pop,6
user_63,Jazz,6
user_64,Hip-Hop,10
user_65,Hip-Hop,7
user_66,Pop,10
user_67,Jazz,9
user_68,Rock,6
user_69,Classical,6
user_7,Hip-Hop,3
user_70,Pop,7
user_71,Hip-Hop,6
user_72,Hip-Hop,11
user_73,Hip-Hop,7
user_74,Rock,5
user_75,Jazz,7
user_76,Classical,5
user_77,Pop,4
user_78,Hip-Hop,6
user_79,Pop,10
user_8,Rock,5
user_80,Jazz,6
user_81,Pop,3
user_82,Jazz,5
user_83,Hip-Hop,5
user_84,Rock,9
user_85,Pop,5
user_86,Jazz,1
user_87,Jazz,6
user_88,Pop,6
user_89,Jazz,9
user_9,Classical,6
user_90,Classical,9
user_91,Pop,9
user_92,Rock,7
user_93,Pop,8
user_94,Classical,9
user_95,Pop,9
user_96,Hip-Hop,2
user_97,Rock,4
user_98,Jazz,6
user_99,Jazz,8
